<?xml version="1.0" encoding="UTF-8" standalone="yes"?>
<businessObjectModel modelVersion="1.0" productVersion="7.9.4">
    <businessObjects>
        <businessObject qualifiedName="com.solar.model.materialVendorMaster">
            <fields>
                <field type="STRING" length="255" name="plantNumber" nullable="true" collection="false"/>
                <field type="STRING" length="255" name="materialNumber" nullable="true" collection="false"/>
                <field type="STRING" length="255" name="materialDescription" nullable="true" collection="false"/>
                <field type="STRING" length="255" name="vendorId" nullable="true" collection="false"/>
                <field type="STRING" length="255" name="vendorName" nullable="true" collection="false"/>
            </fields>
            <uniqueConstraints/>
            <queries>
                <query name="findVendorDetails" content="SELECT m &#xA;FROM materialVendorMaster m &#xA;WHERE m.plantNumber = :plantNumber&#xA;AND m.materialNumber = :materialNumber&#xA;ORDER BY m.persistenceId ASC" returnType="java.util.List">
                    <queryParameters>
                        <queryParameter name="plantNumber" className="java.lang.String"/>
                        <queryParameter name="materialNumber" className="java.lang.String"/>
                    </queryParameters>
                </query>
            </queries>
            <indexes/>
        </businessObject>
        <businessObject qualifiedName="com.solar.model.migomiro">
            <fields>
                <field type="STRING" length="255" name="migoNumber" nullable="true" collection="false"/>
                <field type="STRING" length="255" name="miroNumber" nullable="true" collection="false"/>
                <field type="STRING" length="255" name="plantNumber" nullable="true" collection="false"/>
                <field type="STRING" length="255" name="poNumber" nullable="true" collection="false"/>
                <field type="STRING" length="255" name="supplierName" nullable="true" collection="false"/>
                <field type="STRING" length="255" name="plantRemark" nullable="true" collection="false"/>
                <field type="STRING" length="255" name="invoiceNumber" nullable="true" collection="false"/>
                <field type="STRING" length="255" name="invoiceDate" nullable="true" collection="false"/>
                <field type="STRING" length="255" name="accountsTeamRemark1" nullable="true" collection="false"/>
                <field type="STRING" length="255" name="accountsTeamRemark2" nullable="true" collection="false"/>
                <field type="STRING" length="255" name="rejectionReason" nullable="true" collection="false"/>
                <field type="STRING" length="255" name="updatedReason" nullable="true" collection="false"/>
                <field type="LONG" length="255" name="caseId" nullable="true" collection="false"/>
                <field type="STRING" length="255" name="cancelMIGO" nullable="true" collection="false"/>
            </fields>
            <uniqueConstraints/>
            <queries/>
            <indexes/>
        </businessObject>
        <businessObject qualifiedName="com.solar.model.migomirotemp">
            <fields>
                <field type="STRING" length="255" name="migoNumber" nullable="true" collection="false"/>
                <field type="STRING" length="255" name="plantNumber" nullable="true" collection="false"/>
                <field type="STRING" length="255" name="poNumber" nullable="true" collection="false"/>
                <field type="STRING" length="255" name="supplierName" nullable="true" collection="false"/>
                <field type="STRING" length="255" name="plantRemark" nullable="true" collection="false"/>
                <field type="STRING" length="255" name="invoiceNumber" nullable="true" collection="false"/>
                <field type="STRING" length="255" name="invoiceDate" nullable="true" collection="false"/>
            </fields>
            <uniqueConstraints/>
            <queries/>
            <indexes/>
        </businessObject>
        <businessObject qualifiedName="com.solar.model.plantMaster">
            <fields>
                <field type="STRING" length="255" name="plantCode" nullable="true" collection="false"/>
                <field type="STRING" length="255" name="plant" nullable="true" collection="false"/>
            </fields>
            <uniqueConstraints/>
            <queries/>
            <indexes/>
        </businessObject>
        <businessObject qualifiedName="com.solar.model.purchaseRequested">
            <fields>
                <field type="STRING" length="255" name="plantNumber" nullable="true" collection="false"/>
                <field type="LOCALDATE" length="255" name="requisitionDate" nullable="true" collection="false"/>
                <field type="STRING" length="255" name="prNumber" nullable="true" collection="false"/>
                <field type="LOCALDATE" length="255" name="changeDate" nullable="true" collection="false"/>
                <field type="LOCALDATE" length="255" name="releaseDate" nullable="true" collection="false"/>
                <field type="STRING" length="255" name="materialGroup" nullable="true" collection="false"/>
                <field type="STRING" length="255" name="materialNumber" nullable="true" collection="false"/>
                <field type="STRING" length="255" name="materialDescription" nullable="true" collection="false"/>
                <field type="FLOAT" length="255" name="quantity" nullable="true" collection="false"/>
                <field type="STRING" length="255" name="unit" nullable="true" collection="false"/>
                <field type="STRING" length="255" name="priority" nullable="true" collection="false"/>
                <field type="LONG" length="255" name="caseId" nullable="true" collection="false"/>
                <field type="STRING" length="255" name="plantName" nullable="true" collection="false"/>
                <field type="STRING" length="255" name="rateContractID" nullable="true" collection="false"/>
            </fields>
            <uniqueConstraints/>
            <queries/>
            <indexes/>
        </businessObject>
        <businessObject qualifiedName="com.solar.model.purchaseRequisitionMaster">
            <fields>
                <field type="STRING" length="255" name="plantNumber" nullable="true" collection="false"/>
                <field type="LOCALDATE" length="255" name="requisitionDate" nullable="true" collection="false"/>
                <field type="STRING" length="255" name="prNumber" nullable="true" collection="false"/>
                <field type="LOCALDATE" length="255" name="changeDate" nullable="true" collection="false"/>
                <field type="LOCALDATE" length="255" name="releaseDate" nullable="true" collection="false"/>
                <field type="STRING" length="255" name="materialGroup" nullable="true" collection="false"/>
                <field type="STRING" length="255" name="materialNumber" nullable="true" collection="false"/>
                <field type="STRING" length="255" name="materialDescription" nullable="true" collection="false"/>
                <field type="FLOAT" length="255" name="quantity" nullable="true" collection="false"/>
                <field type="STRING" length="255" name="unit" nullable="true" collection="false"/>
                <field type="BOOLEAN" length="255" name="prFlag" nullable="true" collection="false"/>
            </fields>
            <uniqueConstraints/>
            <queries/>
            <indexes/>
        </businessObject>
        <businessObject qualifiedName="com.solar.model.qcs">
            <fields>
                <field type="STRING" length="255" name="vendorName" nullable="true" collection="false"/>
                <field type="STRING" length="255" name="materialDescription" nullable="true" collection="false"/>
                <field type="STRING" length="255" name="rateContractID" nullable="true" collection="false"/>
                <field type="STRING" length="255" name="plantNumber" nullable="true" collection="false"/>
                <field type="STRING" length="255" name="price" nullable="true" collection="false"/>
                <field type="STRING" length="255" name="delivery" nullable="true" collection="false"/>
                <field type="STRING" length="255" name="taxes" nullable="true" collection="false"/>
                <field type="STRING" length="255" name="discount" nullable="true" collection="false"/>
                <field type="STRING" length="255" name="paymentTerms" nullable="true" collection="false"/>
                <field type="STRING" length="255" name="incoTerms" nullable="true" collection="false"/>
                <field type="STRING" length="255" name="procurementRemark" nullable="true" collection="false"/>
                <field type="STRING" length="255" name="unit" nullable="true" collection="false"/>
                <field type="STRING" length="255" name="proposedQuantity" nullable="true" collection="false"/>
                <field type="STRING" length="255" name="totalValue" nullable="true" collection="false"/>
                <field type="STRING" length="255" name="totalRate" nullable="true" collection="false"/>
                <field type="STRING" length="255" name="url" nullable="true" collection="false"/>
                <field type="LONG" length="255" name="caseId" nullable="true" collection="false"/>
                <field type="STRING" length="255" name="remark" nullable="true" collection="false"/>
            </fields>
            <uniqueConstraints/>
            <queries>
                <query name="findqcsByCaseId" content="SELECT q&#xD;&#xA;FROM qcs q&#xD;&#xA;WHERE q.caseId = :caseId&#xD;&#xA;ORDER BY q.totalValue  ASC&#xD;&#xA;" returnType="com.solar.model.qcs">
                    <queryParameters>
                        <queryParameter name="caseId" className="java.lang.Long"/>
                    </queryParameters>
                </query>
            </queries>
            <indexes/>
        </businessObject>
        <businessObject qualifiedName="com.solar.model.qcsApproved">
            <fields>
                <field type="STRING" length="255" name="vendorName" nullable="true" collection="false"/>
                <field type="STRING" length="255" name="materialDescription" nullable="true" collection="false"/>
                <field type="STRING" length="255" name="plantNumber" nullable="true" collection="false"/>
                <field type="STRING" length="255" name="rateContractID" nullable="true" collection="false"/>
                <field type="STRING" length="255" name="price" nullable="true" collection="false"/>
                <field type="STRING" length="255" name="discount" nullable="true" collection="false"/>
                <field type="STRING" length="255" name="delivery" nullable="true" collection="false"/>
                <field type="STRING" length="255" name="taxes" nullable="true" collection="false"/>
                <field type="STRING" length="255" name="paymentTerms" nullable="true" collection="false"/>
                <field type="STRING" length="255" name="incoTerms" nullable="true" collection="false"/>
                <field type="STRING" length="255" name="url" nullable="true" collection="false"/>
                <field type="STRING" length="255" name="totalValue" nullable="true" collection="false"/>
                <field type="STRING" length="255" name="totalRate" nullable="true" collection="false"/>
                <field type="STRING" length="255" name="procurementRemark" nullable="true" collection="false"/>
                <field type="STRING" length="255" name="managerRemark" nullable="true" collection="false"/>
                <field type="STRING" length="255" name="unit" nullable="true" collection="false"/>
                <field type="STRING" length="255" name="proposedQuantity" nullable="true" collection="false"/>
                <field type="LONG" length="255" name="caseId" nullable="true" collection="false"/>
            </fields>
            <uniqueConstraints/>
            <queries/>
            <indexes/>
        </businessObject>
        <businessObject qualifiedName="com.solar.model.quotation">
            <fields>
                <field type="STRING" length="255" name="vendorId" nullable="true" collection="false"/>
                <field type="STRING" length="255" name="vendorName" nullable="true" collection="false"/>
                <field type="FLOAT" length="255" name="price" nullable="true" collection="false"/>
                <field type="FLOAT" length="255" name="taxes" nullable="true" collection="false"/>
                <field type="FLOAT" length="255" name="discount" nullable="true" collection="false"/>
                <field type="STRING" length="255" name="incoTerms" nullable="true" collection="false"/>
                <field type="FLOAT" length="255" name="delivery" nullable="true" collection="false"/>
                <field type="FLOAT" length="255" name="cummulativeAmount" nullable="true" collection="false"/>
                <field type="FLOAT" length="255" name="quantityOffered" nullable="true" collection="false"/>
                <field type="STRING" length="255" name="paymentTerms" nullable="true" collection="false"/>
                <field type="LONG" length="255" name="caseId" nullable="true" collection="false"/>
                <field type="STRING" length="255" name="fileName" nullable="true" collection="false"/>
                <field type="LONG" length="255" name="docId" nullable="true" collection="false"/>
                <field type="STRING" length="255" name="url" nullable="true" collection="false"/>
                <field type="LOCALDATE" length="255" name="validFrom" nullable="true" collection="false"/>
                <field type="LOCALDATE" length="255" name="validTo" nullable="true" collection="false"/>
                <field type="STRING" length="255" name="plantNumber" nullable="true" collection="false"/>
                <field type="STRING" length="255" name="materialNumber" nullable="true" collection="false"/>
                <field type="FLOAT" length="255" name="previousCummulativeAmount" nullable="true" collection="false"/>
                <field type="STRING" length="255" name="rateContractID" nullable="true" collection="false"/>
                <field type="STRING" length="255" name="unit" nullable="true" collection="false"/>
                <field type="STRING" length="255" name="materialDescription" nullable="true" collection="false"/>
            </fields>
            <uniqueConstraints/>
            <queries>
                <query name="findQuotationByCaseId" content="SELECT q&#xD;&#xA;FROM quotation q&#xD;&#xA;WHERE q.caseId = :caseId&#xD;&#xA;ORDER BY q.cummulativeAmount  ASC&#xD;&#xA;" returnType="java.util.List">
                    <queryParameters>
                        <queryParameter name="caseId" className="java.lang.Long"/>
                    </queryParameters>
                </query>
                <query name="findQuotationPreviousAmount" content="SELECT q &#xA;FROM quotation q &#xA;WHERE q.vendorId = :vendorId&#xA;AND q.validTo &lt;= :validFrom&#xA;AND q.plantNumber = :plantNumber&#xA;AND q.materialNumber = :materialNumber&#xA;ORDER BY q.validTo DESC" returnType="java.util.List">
                    <queryParameters>
                        <queryParameter name="vendorId" className="java.lang.String"/>
                        <queryParameter name="validFrom" className="java.time.LocalDate"/>
                        <queryParameter name="plantNumber" className="java.lang.String"/>
                        <queryParameter name="materialNumber" className="java.lang.String"/>
                    </queryParameters>
                </query>
                <query name="findByPlantNumberAndRateContractId" content="SELECT q &#xA;FROM quotation q &#xA;WHERE q.plantNumber = :plantNumber&#xA;AND q.rateContractID = :rateContractID&#xA;ORDER BY q.persistenceId ASC" returnType="com.solar.model.quotation">
                    <queryParameters>
                        <queryParameter name="plantNumber" className="java.lang.String"/>
                        <queryParameter name="rateContractID" className="java.lang.String"/>
                    </queryParameters>
                </query>
            </queries>
            <indexes/>
        </businessObject>
        <businessObject qualifiedName="com.solar.model.quotationApproved">
            <fields>
                <field type="STRING" length="255" name="vendorId" nullable="true" collection="false"/>
                <field type="STRING" length="255" name="vendorName" nullable="true" collection="false"/>
                <field type="STRING" length="255" name="plantNumber" nullable="true" collection="false"/>
                <field type="STRING" length="255" name="prNumber" nullable="true" collection="false"/>
                <field type="STRING" length="255" name="materialNumber" nullable="true" collection="false"/>
                <field type="FLOAT" length="255" name="price" nullable="true" collection="false"/>
                <field type="FLOAT" length="255" name="taxes" nullable="true" collection="false"/>
                <field type="FLOAT" length="255" name="discount" nullable="true" collection="false"/>
                <field type="STRING" length="255" name="paymentTerms" nullable="true" collection="false"/>
                <field type="STRING" length="255" name="incoTerms" nullable="true" collection="false"/>
                <field type="FLOAT" length="255" name="delivery" nullable="true" collection="false"/>
                <field type="STRING" length="255" name="status" nullable="true" collection="false"/>
                <field type="TEXT" length="255" name="remarks" nullable="true" collection="false"/>
                <field type="FLOAT" length="255" name="cummulativeAmount" nullable="true" collection="false"/>
                <field type="FLOAT" length="255" name="quantityOffered" nullable="true" collection="false"/>
                <field type="FLOAT" length="255" name="quantityProposed" nullable="true" collection="false"/>
                <field type="LONG" length="255" name="caseId" nullable="true" collection="false"/>
                <field type="LOCALDATE" length="255" name="validFrom" nullable="true" collection="false"/>
                <field type="LOCALDATE" length="255" name="validTo" nullable="true" collection="false"/>
                <field type="STRING" length="255" name="rateContractID" nullable="true" collection="false"/>
                <field type="STRING" length="255" name="unit" nullable="true" collection="false"/>
                <field type="STRING" length="255" name="materialDescription" nullable="true" collection="false"/>
            </fields>
            <uniqueConstraints/>
            <queries/>
            <indexes/>
        </businessObject>
        <businessObject qualifiedName="com.solar.model.schedules">
            <fields>
                <field type="STRING" length="255" name="plantNumber" nullable="true" collection="false"/>
                <field type="STRING" length="255" name="poNumber" nullable="true" collection="false"/>
                <field type="INTEGER" length="255" name="poQuantity" nullable="true" collection="false"/>
                <field type="STRING" length="255" name="monitoringType" nullable="true" collection="false"/>
                <field type="STRING" length="255" name="materialNumber" nullable="true" collection="false"/>
                <field type="STRING" length="255" name="vendorId" nullable="true" collection="false"/>
                <field type="STRING" length="255" name="vendorName" nullable="true" collection="false"/>
                <field type="STRING" length="255" name="partDescription" nullable="true" collection="false"/>
                <field type="STRING" length="255" name="uom" nullable="true" collection="false"/>
                <field type="STRING" length="255" name="scheduleID" nullable="true" collection="false"/>
                <field type="LOCALDATE" length="255" name="dateofDispatch" nullable="true" collection="false"/>
                <field type="INTEGER" length="255" name="qtyToBeDispatched" nullable="true" collection="false"/>
                <field type="STRING" length="255" name="vendorAcknowledgement" nullable="true" collection="false"/>
                <field type="STRING" length="255" name="receiptDone" nullable="true" collection="false"/>
                <field type="LONG" length="255" name="caseId" nullable="true" collection="false"/>
                <field type="STRING" length="255" name="plantMaster" nullable="true" collection="false"/>
                <field type="STRING" length="255" name="asnNumber" nullable="true" collection="false"/>
                <field type="BOOLEAN" length="255" name="isCaseEnd" nullable="true" collection="false"/>
                <field type="STRING" length="255" name="transporter" nullable="true" collection="false"/>
                <field type="STRING" length="255" name="vanNumber" nullable="true" collection="false"/>
                <field type="BOOLEAN" length="255" name="isDeferred" nullable="true" collection="false"/>
                <field type="LOCALDATE" length="255" name="expectedDateOfReceipt" nullable="true" collection="false"/>
            </fields>
            <uniqueConstraints/>
            <queries>
                <query name="findByScheduleIDAndCaseId" content="SELECT s&#xD;&#xA;FROM schedules s&#xD;&#xA;WHERE s.scheduleID= :scheduleID and s.caseId = :caseId&#xD;&#xA;ORDER BY s.persistenceId" returnType="com.solar.model.schedules">
                    <queryParameters>
                        <queryParameter name="scheduleID" className="java.lang.String"/>
                        <queryParameter name="caseId" className="java.lang.Long"/>
                    </queryParameters>
                </query>
            </queries>
            <indexes/>
        </businessObject>
        <businessObject qualifiedName="com.solar.model.schedulesMaster">
            <fields>
                <field type="STRING" length="255" name="plantNumber" nullable="true" collection="false"/>
                <field type="STRING" length="255" name="poNumber" nullable="true" collection="false"/>
                <field type="INTEGER" length="255" name="poQuantity" nullable="true" collection="false"/>
                <field type="STRING" length="255" name="monitoringType" nullable="true" collection="false"/>
                <field type="STRING" length="255" name="materialNumber" nullable="true" collection="false"/>
                <field type="STRING" length="255" name="vendorId" nullable="true" collection="false"/>
                <field type="STRING" length="255" name="vendorName" nullable="true" collection="false"/>
                <field type="STRING" length="255" name="partDescription" nullable="true" collection="false"/>
                <field type="STRING" length="255" name="uom" nullable="true" collection="false"/>
                <field type="STRING" length="255" name="scheduleID" nullable="true" collection="false"/>
                <field type="LOCALDATE" length="255" name="dateofDispatch" nullable="true" collection="false"/>
                <field type="INTEGER" length="255" name="qtyToBeDispatched" nullable="true" collection="false"/>
                <field type="STRING" length="255" name="vendorAcknowledgement" nullable="true" collection="false"/>
                <field type="STRING" length="255" name="receiptDone" nullable="true" collection="false"/>
                <field type="BOOLEAN" length="255" name="isActive" nullable="true" collection="false"/>
                <field type="STRING" length="255" name="plantMaster" nullable="true" collection="false"/>
                <field type="STRING" length="255" name="asnNumber" nullable="true" collection="false"/>
                <field type="LOCALDATE" length="255" name="expectedDateOfReceipt" nullable="true" collection="false"/>
            </fields>
            <uniqueConstraints>
                <uniqueConstraint name="UNIQUE_CONSTRAINT_1">
                    <fieldNames>
                        <fieldName>scheduleID</fieldName>
                    </fieldNames>
                </uniqueConstraint>
            </uniqueConstraints>
            <queries/>
            <indexes/>
        </businessObject>
        <businessObject qualifiedName="com.solar.model.transporter">
            <fields>
                <field type="STRING" length="255" name="plantNumber" nullable="true" collection="false"/>
                <field type="STRING" length="255" name="materialNumber" nullable="true" collection="false"/>
                <field type="STRING" length="255" name="partDescription" nullable="true" collection="false"/>
                <field type="STRING" length="255" name="vendorName" nullable="true" collection="false"/>
                <field type="STRING" length="255" name="scheduleID" nullable="true" collection="false"/>
                <field type="STRING" length="255" name="uom" nullable="true" collection="false"/>
                <field type="LOCALDATE" length="255" name="dateofDispatch" nullable="true" collection="false"/>
                <field type="STRING" length="255" name="qtyToBeDispatched" nullable="true" collection="false"/>
                <field type="STRING" length="255" name="plantMaster" nullable="true" collection="false"/>
                <field type="LONG" length="255" name="caseId" nullable="true" collection="false"/>
                <field type="STRING" length="255" name="vanNumber" nullable="true" collection="false"/>
                <field type="STRING" length="255" name="transporter" nullable="true" collection="false"/>
                <field type="STRING" length="255" name="vendorId" nullable="true" collection="false"/>
                <field type="BOOLEAN" length="255" name="isCaseEnd" nullable="true" collection="false"/>
                <field type="STRING" length="255" name="poQuantity" nullable="true" collection="false"/>
                <field type="STRING" length="255" name="monitoringType" nullable="true" collection="false"/>
                <field type="STRING" length="255" name="asnNumber" nullable="true" collection="false"/>
                <field type="LOCALDATE" length="255" name="expectedDateOfReceipt" nullable="true" collection="false"/>
                <field type="STRING" length="255" name="receiptDone" nullable="true" collection="false"/>
                <field type="STRING" length="255" name="poNumber" nullable="true" collection="false"/>
                <field type="STRING" length="255" name="vendorAcknowledgement" nullable="true" collection="false"/>
                <field type="STRING" length="255" name="transporterId" nullable="true" collection="false"/>
                <field type="STRING" length="255" name="lrNumber" nullable="true" collection="false"/>
                <field type="STRING" length="255" name="driverName" nullable="true" collection="false"/>
                <field type="STRING" length="255" name="driverNumber" nullable="true" collection="false"/>
                <field type="STRING" length="255" name="transporterAcknowledgement" nullable="true" collection="false"/>
            </fields>
            <uniqueConstraints/>
            <queries>
                <query name="findByScheduleIDAndCaseId" content="SELECT t &#xA;FROM transporter t &#xA;WHERE t.scheduleID = :scheduleID&#xA;AND t.caseId = :caseId&#xD;&#xA;ORDER BY t.persistenceId ASC" returnType="com.solar.model.transporter">
                    <queryParameters>
                        <queryParameter name="caseId" className="java.lang.Long"/>
                        <queryParameter name="scheduleID" className="java.lang.String"/>
                    </queryParameters>
                </query>
            </queries>
            <indexes/>
        </businessObject>
        <businessObject qualifiedName="com.solar.model.transporterDetailsSchedule">
            <fields>
                <field type="STRING" length="255" name="scheduleID" nullable="true" collection="false"/>
                <field type="STRING" length="255" name="transporterName" nullable="true" collection="false"/>
                <field type="STRING" length="255" name="driverName" nullable="true" collection="false"/>
                <field type="STRING" length="255" name="driverNumber" nullable="true" collection="false"/>
                <field type="STRING" length="255" name="lrNumber" nullable="true" collection="false"/>
                <field type="STRING" length="255" name="vanNumber" nullable="true" collection="false"/>
                <field type="STRING" length="255" name="transporterAcknowledgement" nullable="true" collection="false"/>
                <field type="LONG" length="255" name="caseId" nullable="true" collection="false"/>
                <field type="STRING" length="255" name="asnNumber" nullable="true" collection="false"/>
            </fields>
            <uniqueConstraints/>
            <queries/>
            <indexes/>
        </businessObject>
        <businessObject qualifiedName="com.solar.model.vendorDispatchSchedules">
            <fields>
                <field type="STRING" length="255" name="vendorAcknowledgement" nullable="true" collection="false"/>
                <field type="LOCALDATE" length="255" name="actualDateOfDispatched" nullable="true" collection="false"/>
                <field type="INTEGER" length="255" name="qtyDispatched" nullable="true" collection="false"/>
                <field type="STRING" length="255" name="nameOfTransporter" nullable="true" collection="false"/>
                <field type="STRING" length="255" name="vanNumber" nullable="true" collection="false"/>
                <field type="STRING" length="255" name="lrNumber" nullable="true" collection="false"/>
                <field type="STRING" length="255" name="driverNumber" nullable="true" collection="false"/>
                <field type="STRING" length="255" name="driverName" nullable="true" collection="false"/>
                <field type="STRING" length="255" name="invoiceNumber" nullable="true" collection="false"/>
                <field type="LOCALDATE" length="255" name="invoiceDate" nullable="true" collection="false"/>
                <field type="STRING" length="255" name="scheduleID" nullable="true" collection="false"/>
                <field type="STRING" length="255" name="asnNumber" nullable="true" collection="false"/>
                <field type="STRING" length="255" name="remarks" nullable="true" collection="false"/>
                <field type="STRING" length="255" name="url" nullable="true" collection="false"/>
                <field type="LONG" length="255" name="caseId" nullable="true" collection="false"/>
                <field type="STRING" length="255" name="fileName" nullable="true" collection="false"/>
                <field type="STRING" length="255" name="plantNumber" nullable="true" collection="false"/>
                <field type="STRING" length="255" name="poNumber" nullable="true" collection="false"/>
                <field type="STRING" length="255" name="vendorId" nullable="true" collection="false"/>
                <field type="STRING" length="255" name="vendorName" nullable="true" collection="false"/>
                <field type="STRING" length="255" name="materialNumber" nullable="true" collection="false"/>
                <field type="STRING" length="255" name="receiptDone" nullable="true" collection="false"/>
                <field type="LOCALDATE" length="255" name="expectedDateOfReceipt" nullable="true" collection="false"/>
            </fields>
            <uniqueConstraints/>
            <queries/>
            <indexes/>
        </businessObject>
    </businessObjects>
</businessObjectModel>
